﻿Designator,Footprint,Quantity,Value,LCSC Part #
A1,RaspberryPi_Pico_SMD_HandSolder,1,RaspberryPi_Pico,
"C1, C12, C2, C3",C_0603,4,10uF,C19702
"C10, C11",C_0603,2,2.2nF,C1604
"C13, C14, C15, C16, C17, C4, C5, C6, C9",C_0603,9,100nF,C14663
"C7, C8",C_0603,2,2.2uF,C23630
D1,D_SOD-123,1,B0520W,C7502707
"IC1, IC2, IC3, IC4",MMICT390200012,4,MMICT3902-00-012,C3171752
J2,PinHeader_1x07_P2.54mm_Vertical,1,Debug Header,
"R1, R2",R_0603,2,470Ω,C23179
U1,TSSOP-20_4.4x6.5mm_P0.65mm,1,PCM5101A,C1540128
