﻿Designator,Footprint,Quantity,Value,LCSC Part #
"C1, C5",0805,2,2.2nF,
"C10, C6, C8",0805,3,10uF,
"C11, C12, C13, C14, C15, C2, C7, C9",0805,8,0.1uF,
"C3, C4",0805,2,2.2uF,
J1,TestPoint_Plated_Hole_D2.0mm,1,AUDIO_L,
J2,TestPoint_Plated_Hole_D2.0mm,1,AUDIO_R,
J3,TestPoint_Plated_Hole_D2.0mm,1,AUDIO_R_GND,
J4,TestPoint_Plated_Hole_D2.0mm,1,AUDIO_L_GND,
"MK1, MK2, MK3, MK4",MIC_INMP441ACEZ-R7,4,INMP441ACEZ-R7,
"R1, R2",0805,2,470,
U1,TSSOP-20_4.4x6.5mm_P0.65mm,1,PCM5101A,
U2,RPi_Pico_SMD_TH,1,Pico,
